Mix ID,Mix Description,Scenario Component Count,Total Clusters in Mix,Total Component Chips,Cluster Size 10 Count,Cluster Size 100 Count,Cluster Size 1000 Count,Cluster Size 10000 Count,Cluster Size 100000 Count
ClusterMix_N100-C4410_N1000-C429_N10000-C43_N100000-C17,4410x(N=100) + 429x(N=1000) + 43x(N=10000) + 17x(N=100000),4,4899,3000000,0,4410,429,43,17
ClusterMix_N100-C4110_N1000-C429_N10000-C86_N100000-C13,4110x(N=100) + 429x(N=1000) + 86x(N=10000) + 13x(N=100000),4,4638,3000000,0,4110,429,86,13
ClusterMix_N100-C3810_N1000-C429_N10000-C129_N100000-C9,3810x(N=100) + 429x(N=1000) + 129x(N=10000) + 9x(N=100000),4,4377,3000000,0,3810,429,129,9
ClusterMix_N100-C4610_N1000-C429_N10000-C171_N100000-C4,4610x(N=100) + 429x(N=1000) + 171x(N=10000) + 4x(N=100000),4,5214,3000000,0,4610,429,171,4
ClusterMix_N100-C4130_N1000-C857_N10000-C43_N100000-C13,4130x(N=100) + 857x(N=1000) + 43x(N=10000) + 13x(N=100000),4,5043,3000000,0,4130,857,43,13
ClusterMix_N100-C3830_N1000-C857_N10000-C86_N100000-C9,3830x(N=100) + 857x(N=1000) + 86x(N=10000) + 9x(N=100000),4,4782,3000000,0,3830,857,86,9
ClusterMix_N100-C4530_N1000-C857_N10000-C129_N100000-C4,4530x(N=100) + 857x(N=1000) + 129x(N=10000) + 4x(N=100000),4,5520,3000000,0,4530,857,129,4
ClusterMix_N100-C3840_N1000-C1286_N10000-C43_N100000-C9,3840x(N=100) + 1286x(N=1000) + 43x(N=10000) + 9x(N=100000),4,5178,3000000,0,3840,1286,43,9
ClusterMix_N100-C4540_N1000-C1286_N10000-C86_N100000-C4,4540x(N=100) + 1286x(N=1000) + 86x(N=10000) + 4x(N=100000),4,5916,3000000,0,4540,1286,86,4
ClusterMix_N100-C4560_N1000-C1714_N10000-C43_N100000-C4,4560x(N=100) + 1714x(N=1000) + 43x(N=10000) + 4x(N=100000),4,6321,3000000,0,4560,1714,43,4
ClusterMix_N100-C8410_N1000-C429_N10000-C43_N100000-C13,8410x(N=100) + 429x(N=1000) + 43x(N=10000) + 13x(N=100000),4,8895,3000000,0,8410,429,43,13
ClusterMix_N100-C8110_N1000-C429_N10000-C86_N100000-C9,8110x(N=100) + 429x(N=1000) + 86x(N=10000) + 9x(N=100000),4,8634,3000000,0,8110,429,86,9
ClusterMix_N100-C8810_N1000-C429_N10000-C129_N100000-C4,8810x(N=100) + 429x(N=1000) + 129x(N=10000) + 4x(N=100000),4,9372,3000000,0,8810,429,129,4
ClusterMix_N100-C8130_N1000-C857_N10000-C43_N100000-C9,8130x(N=100) + 857x(N=1000) + 43x(N=10000) + 9x(N=100000),4,9039,3000000,0,8130,857,43,9
ClusterMix_N100-C8830_N1000-C857_N10000-C86_N100000-C4,8830x(N=100) + 857x(N=1000) + 86x(N=10000) + 4x(N=100000),4,9777,3000000,0,8830,857,86,4
ClusterMix_N100-C8840_N1000-C1286_N10000-C43_N100000-C4,8840x(N=100) + 1286x(N=1000) + 43x(N=10000) + 4x(N=100000),4,10173,3000000,0,8840,1286,43,4
ClusterMix_N100-C12410_N1000-C429_N10000-C43_N100000-C9,12410x(N=100) + 429x(N=1000) + 43x(N=10000) + 9x(N=100000),4,12891,3000000,0,12410,429,43,9
ClusterMix_N100-C13110_N1000-C429_N10000-C86_N100000-C4,13110x(N=100) + 429x(N=1000) + 86x(N=10000) + 4x(N=100000),4,13629,3000000,0,13110,429,86,4
ClusterMix_N100-C13130_N1000-C857_N10000-C43_N100000-C4,13130x(N=100) + 857x(N=1000) + 43x(N=10000) + 4x(N=100000),4,14034,3000000,0,13130,857,43,4
ClusterMix_N100-C17410_N1000-C429_N10000-C43_N100000-C4,17410x(N=100) + 429x(N=1000) + 43x(N=10000) + 4x(N=100000),4,17886,3000000,0,17410,429,43,4
ClusterMix_N10-C41240_N100-C4286_N1000-C429_N10000-C43_N100000-C13,41240x(N=10) + 4286x(N=100) + 429x(N=1000) + 43x(N=10000) + 13x(N=100000),5,46011,3000000,41240,4286,429,43,13
ClusterMix_N10-C38240_N100-C4286_N1000-C429_N10000-C86_N100000-C9,38240x(N=10) + 4286x(N=100) + 429x(N=1000) + 86x(N=10000) + 9x(N=100000),5,43050,3000000,38240,4286,429,86,9
ClusterMix_N10-C45240_N100-C4286_N1000-C429_N10000-C129_N100000-C4,45240x(N=10) + 4286x(N=100) + 429x(N=1000) + 129x(N=10000) + 4x(N=100000),5,50088,3000000,45240,4286,429,129,4
ClusterMix_N10-C38440_N100-C4286_N1000-C857_N10000-C43_N100000-C9,38440x(N=10) + 4286x(N=100) + 857x(N=1000) + 43x(N=10000) + 9x(N=100000),5,43635,3000000,38440,4286,857,43,9
ClusterMix_N10-C45440_N100-C4286_N1000-C857_N10000-C86_N100000-C4,45440x(N=10) + 4286x(N=100) + 857x(N=1000) + 86x(N=10000) + 4x(N=100000),5,50673,3000000,45440,4286,857,86,4
ClusterMix_N10-C45540_N100-C4286_N1000-C1286_N10000-C43_N100000-C4,45540x(N=10) + 4286x(N=100) + 1286x(N=1000) + 43x(N=10000) + 4x(N=100000),5,51159,3000000,45540,4286,1286,43,4
ClusterMix_N10-C38390_N100-C8571_N1000-C429_N10000-C43_N100000-C9,38390x(N=10) + 8571x(N=100) + 429x(N=1000) + 43x(N=10000) + 9x(N=100000),5,47442,3000000,38390,8571,429,43,9
ClusterMix_N10-C45390_N100-C8571_N1000-C429_N10000-C86_N100000-C4,45390x(N=10) + 8571x(N=100) + 429x(N=1000) + 86x(N=10000) + 4x(N=100000),5,54480,3000000,45390,8571,429,86,4
ClusterMix_N10-C45590_N100-C8571_N1000-C857_N10000-C43_N100000-C4,45590x(N=10) + 8571x(N=100) + 857x(N=1000) + 43x(N=10000) + 4x(N=100000),5,55065,3000000,45590,8571,857,43,4
ClusterMix_N10-C45530_N100-C12857_N1000-C429_N10000-C43_N100000-C4,45530x(N=10) + 12857x(N=100) + 429x(N=1000) + 43x(N=10000) + 4x(N=100000),5,58863,3000000,45530,12857,429,43,4
ClusterMix_N10-C81240_N100-C4286_N1000-C429_N10000-C43_N100000-C9,81240x(N=10) + 4286x(N=100) + 429x(N=1000) + 43x(N=10000) + 9x(N=100000),5,86007,3000000,81240,4286,429,43,9
ClusterMix_N10-C88240_N100-C4286_N1000-C429_N10000-C86_N100000-C4,88240x(N=10) + 4286x(N=100) + 429x(N=1000) + 86x(N=10000) + 4x(N=100000),5,93045,3000000,88240,4286,429,86,4
ClusterMix_N10-C88440_N100-C4286_N1000-C857_N10000-C43_N100000-C4,88440x(N=10) + 4286x(N=100) + 857x(N=1000) + 43x(N=10000) + 4x(N=100000),5,93630,3000000,88440,4286,857,43,4
ClusterMix_N10-C88390_N100-C8571_N1000-C429_N10000-C43_N100000-C4,88390x(N=10) + 8571x(N=100) + 429x(N=1000) + 43x(N=10000) + 4x(N=100000),5,97437,3000000,88390,8571,429,43,4
ClusterMix_N10-C131240_N100-C4286_N1000-C429_N10000-C43_N100000-C4,131240x(N=10) + 4286x(N=100) + 429x(N=1000) + 43x(N=10000) + 4x(N=100000),5,136002,3000000,131240,4286,429,43,4
