Metric Family,Relationship Code,Relationship Description,Scenario Group,Scenario Variant,Scenario Type,Scenario Count,Min,Q1,Median,Q3,Max,Mean
Benefit Per Dollar,a,Physical max benefit per dollar is less than PLV min benefit per dollar,PLV,PLV (Conservative),PLV - Min Benefit Per Dollar,3081746,0.00046598515474849226,0.0019312495857909736,0.0028856562173361663,0.003976406653848624,0.005557304438111648,0.0029548582802638905
Benefit Per Dollar,a,Physical max benefit per dollar is less than PLV min benefit per dollar,PLV,PLV (Optimistic),PLV - Max Benefit Per Dollar,3081746,0.014988755102838404,0.06212006281509694,0.09281925381502677,0.12790404354405452,0.17875478307829504,0.09504518904765175
Benefit Per Dollar,a,Physical max benefit per dollar is less than PLV min benefit per dollar,Physical Inspection,Physical (Conservative),Physical - Min Benefit Per Dollar,3081746,0.0,0.00018243334265871007,0.0003546663405859166,0.0006573816132666988,0.0023555842504407614,0.0004608989031972232
Benefit Per Dollar,a,Physical max benefit per dollar is less than PLV min benefit per dollar,Physical Inspection,Physical (Optimistic),Physical - Max Benefit Per Dollar,3081746,0.0,0.0004386367640872061,0.0008603649568632741,0.0016023360011097059,0.005543222393350905,0.001122427014761552
Benefit Per Dollar,b,Physical max benefit per dollar is within PLV range and Physical min benefit per dollar is below PLV min benefit per dollar,PLV,PLV (Conservative),PLV - Min Benefit Per Dollar,110554,0.0005005025736083958,0.0017949057812430965,0.002885656217553626,0.004266352972363973,0.005557304438111648,0.002988361009297571
Benefit Per Dollar,b,Physical max benefit per dollar is within PLV range and Physical min benefit per dollar is below PLV min benefit per dollar,PLV,PLV (Optimistic),PLV - Max Benefit Per Dollar,110554,0.01609903325827113,0.057734464099488916,0.09281925382202152,0.13723038005265384,0.17875478307829504,0.09612282895880646
Benefit Per Dollar,b,Physical max benefit per dollar is within PLV range and Physical min benefit per dollar is below PLV min benefit per dollar,Physical Inspection,Physical (Conservative),Physical - Min Benefit Per Dollar,110554,0.00014742304517042105,0.0011169390528566717,0.0019050487533268114,0.002567765529853356,0.005551765550273047,0.001940780413675368
Benefit Per Dollar,b,Physical max benefit per dollar is within PLV range and Physical min benefit per dollar is below PLV min benefit per dollar,Physical Inspection,Physical (Optimistic),Physical - Max Benefit Per Dollar,110554,0.0005078136838631927,0.0032312250029852005,0.00511172512127874,0.007393579055039773,0.027815502553115438,0.005610913088143222
Benefit Per Dollar,c,Physical min and max benefit per dollar are both within PLV range,PLV,PLV (Conservative),PLV - Min Benefit Per Dollar,113335,0.0005005025736083958,0.0016223186869021584,0.0030202741511424574,0.004314677358782336,0.005557304438111648,0.0030325022745630583
Benefit Per Dollar,c,Physical min and max benefit per dollar are both within PLV range,PLV,PLV (Optimistic),PLV - Max Benefit Per Dollar,113335,0.01609903325827113,0.052183073320992965,0.09714933862934164,0.13878476947072596,0.17875478307829504,0.0975426652094933
Benefit Per Dollar,c,Physical min and max benefit per dollar are both within PLV range,Physical Inspection,Physical (Conservative),Physical - Min Benefit Per Dollar,113335,0.0005016898002751993,0.002914558197816568,0.005296260040749907,0.00816954769268018,0.074009672674694,0.006573796619337284
Benefit Per Dollar,c,Physical min and max benefit per dollar are both within PLV range,Physical Inspection,Physical (Optimistic),Physical - Max Benefit Per Dollar,113335,0.0011888696119714572,0.007741436246053348,0.014000338393518377,0.021858006652667482,0.1781488652253415,0.017657628707947126
Benefit Per Dollar,d,Physical min benefit per dollar is within PLV range and Physical max benefit per dollar is above PLV max benefit per dollar,PLV,PLV (Conservative),PLV - Min Benefit Per Dollar,3874,0.0005005025736187509,0.0014497315925508648,0.0033481896304150926,0.00472888638522544,0.005557304438111648,0.0031185721687527865
Benefit Per Dollar,d,Physical min benefit per dollar is within PLV range and Physical max benefit per dollar is above PLV max benefit per dollar,PLV,PLV (Optimistic),PLV - Max Benefit Per Dollar,3874,0.016099033258604213,0.046631682542163926,0.10769698110928334,0.15210810733991564,0.17875478307829504,0.10031116663618218
Benefit Per Dollar,d,Physical min benefit per dollar is within PLV range and Physical max benefit per dollar is above PLV max benefit per dollar,Physical Inspection,Physical (Conservative),Physical - Min Benefit Per Dollar,3874,0.0038104077982593215,0.02462131107005059,0.055229064472613734,0.08231764185121275,0.1698155318137269,0.057729557279488884
Benefit Per Dollar,d,Physical min benefit per dollar is within PLV range and Physical max benefit per dollar is above PLV max benefit per dollar,Physical Inspection,Physical (Optimistic),Physical - Max Benefit Per Dollar,3874,0.016251885523533006,0.06796542967357055,0.15087245053166787,0.22119670233600444,0.6308995171192158,0.15500198313687408
Benefit Per Dollar,e,Physical min benefit per dollar is greater than PLV max benefit per dollar,PLV,PLV (Conservative),PLV - Min Benefit Per Dollar,295,0.0005177612830538803,0.0014497315925508648,0.004280159939912077,0.005177612830538803,0.00552278701924139,0.0035874128944159193
Benefit Per Dollar,e,Physical min benefit per dollar is greater than PLV max benefit per dollar,PLV,PLV (Optimistic),PLV - Max Benefit Per Dollar,295,0.016654172336487114,0.046631682542163926,0.13767449131496015,0.16654172336487116,0.17764450492252923,0.11539177327695518
Benefit Per Dollar,e,Physical min benefit per dollar is greater than PLV max benefit per dollar,Physical Inspection,Physical (Conservative),Physical - Min Benefit Per Dollar,295,0.017991143828112094,0.117340777679669,0.180182406372056,0.22224493652399274,2.1292809754348214,0.25598347514678504
Benefit Per Dollar,e,Physical min benefit per dollar is greater than PLV max benefit per dollar,Physical Inspection,Physical (Optimistic),Physical - Max Benefit Per Dollar,295,0.04446940205682833,0.3321586638852294,0.44090570085531816,0.8301556172081865,5.073566717401839,0.6835386548134245
Net Benefit,a,Physical max net benefit is less than PLV min net benefit,PLV,PLV (Conservative),PLV - Min Net Benefit,38474,-38677200.0,31072800.0,101322799.98462501,191822800.0,330072800.0,106563059.65073596
Net Benefit,a,Physical max net benefit is less than PLV min net benefit,PLV,PLV (Optimistic),PLV - Max Net Benefit,38474,2022748312.0,6207748312.0,10422748311.0775,15852748312.0,24147748312.0,10737163891.044159
Net Benefit,a,Physical max net benefit is less than PLV min net benefit,Physical Inspection,Physical (Conservative),Physical - Min Net Benefit,38474,-3562155000.0,-1799766606.7645497,-888564780.0,-537636842.5999999,427943.99999999953,-1178715142.096841
Net Benefit,a,Physical max net benefit is less than PLV min net benefit,Physical Inspection,Physical (Optimistic),Physical - Max Net Benefit,38474,-1527000000.0,-335317893.0914731,-168394278.0,-42127746.00000006,292302085.9468542,-216609390.18256634
Net Benefit,b,Physical max net benefit is within PLV net benefit range and Physical min net benefit is below PLV min net benefit,PLV,PLV (Conservative),PLV - Min Net Benefit,759018,-37927200.00075,35322799.99625,125322799.991,206322799.9925,330072800.0,125959517.76778968
Net Benefit,b,Physical max net benefit is within PLV net benefit range and Physical min net benefit is below PLV min net benefit,PLV,PLV (Optimistic),PLV - Max Net Benefit,759018,2067748311.9550002,6462748311.775,11862748311.46,16722748311.55,24147748312.0,11900951378.06738
Net Benefit,b,Physical max net benefit is within PLV net benefit range and Physical min net benefit is below PLV min net benefit,Physical Inspection,Physical (Conservative),Physical - Min Net Benefit,759018,-3420795000.0,-885712423.2681471,-596669671.3131039,-352168722.1030491,321039200.0,-726381678.823386
Net Benefit,b,Physical max net benefit is within PLV net benefit range and Physical min net benefit is below PLV min net benefit,Physical Inspection,Physical (Optimistic),Physical - Max Net Benefit,759018,-36907263.48553419,1990283110.2003093,5689227139.98007,9949631414.855043,24141233060.399563,6824735922.378875
Net Benefit,c,Physical min and max net benefits are both within PLV net benefit range,PLV,PLV (Conservative),PLV - Min Net Benefit,4694,-36177200.000375,-33677200.000375,-2427200.0,36010300.0,330072800.0,33487957.64791556
Net Benefit,c,Physical min and max net benefits are both within PLV net benefit range,PLV,PLV (Optimistic),PLV - Max Net Benefit,4694,2172748311.9775,2322748311.9775,4197748312.0,6503998312.0,24147748312.0,6352657770.874933
Net Benefit,c,Physical min and max net benefits are both within PLV net benefit range,Physical Inspection,Physical (Conservative),Physical - Min Net Benefit,4694,-36043246.65152456,-15495768.348243732,10994427.589645265,58617059.086600035,378051536.0,53115763.8534168
Net Benefit,c,Physical min and max net benefits are both within PLV net benefit range,Physical Inspection,Physical (Optimistic),Physical - Max Net Benefit,4694,-13895700.0,1266281011.0576546,2289405782.115309,6024814050.0,23093092811.999413,5309168544.698915
Net Benefit,d,Physical min net benefit is within PLV net benefit range and Physical max net benefit is above PLV max net benefit,PLV,PLV (Conservative),PLV - Min Net Benefit,177216,-36177200.00075,100072800.0,180072799.99925,262572800.0,330072800.0,174033248.6893075
Net Benefit,d,Physical min net benefit is within PLV net benefit range and Physical max net benefit is above PLV max net benefit,PLV,PLV (Optimistic),PLV - Max Net Benefit,177216,2172748311.955,10347748312.0,15147748311.955,20097748312.0,24147748312.0,14785375233.35845
Net Benefit,d,Physical min net benefit is within PLV net benefit range and Physical max net benefit is above PLV max net benefit,Physical Inspection,Physical (Conservative),Physical - Min Net Benefit,177216,-36075359.823724225,175665253.29155064,313754944.05285466,452701799.99998534,799616719.9999219,319590597.63126385
Net Benefit,d,Physical min net benefit is within PLV net benefit range and Physical max net benefit is above PLV max net benefit,Physical Inspection,Physical (Optimistic),Physical - Max Net Benefit,177216,2177333534.2058024,18097995231.44967,27275895149.998432,37147812239.99763,48297287903.99528,26892564029.97156
Net Benefit,f,Physical net benefit range spans both sides of PLV net benefit range,PLV,PLV (Conservative),PLV - Min Net Benefit,2330402,-38677200.0,68072800.0,138822799.98425,215947800.0,330072800.0,145416646.6261721
Net Benefit,f,Physical net benefit range spans both sides of PLV net benefit range,PLV,PLV (Optimistic),PLV - Max Net Benefit,2330402,2022748312.0,8427748312.0,12672748311.055,17300248312.0,24147748312.0,13068379109.570324
Net Benefit,f,Physical net benefit range spans both sides of PLV net benefit range,Physical Inspection,Physical (Conservative),Physical - Min Net Benefit,2330402,-3761550000.0,-670991002.1668835,-342929617.2553924,-126938585.60000145,330055743.99998045,-483697014.2455809
Net Benefit,f,Physical net benefit range spans both sides of PLV net benefit range,Physical Inspection,Physical (Optimistic),Physical - Max Net Benefit,2330402,2128020000.0,13338805823.249601,21876114762.271416,30145739040.154892,48114743063.996155,21939362541.124516
Smuggled Chips,a,Physical max net benefit is less than PLV min net benefit,Scenario Total,Smuggled Chips,Total Smuggled Chips,1,13826816500.0,13826816500.0,13826816500.0,13826816500.0,13826816500.0,13826816500.0
Smuggled Chips,b,Physical max net benefit is within PLV net benefit range and Physical min net benefit is below PLV min net benefit,Scenario Total,Smuggled Chips,Total Smuggled Chips,1,301734500500.0,301734500500.0,301734500500.0,301734500500.0,301734500500.0,301734500500.0
Smuggled Chips,c,Physical min and max net benefits are both within PLV net benefit range,Scenario Total,Smuggled Chips,Total Smuggled Chips,1,994331500.0,994331500.0,994331500.0,994331500.0,994331500.0,994331500.0
Smuggled Chips,d,Physical min net benefit is within PLV net benefit range and Physical max net benefit is above PLV max net benefit,Scenario Total,Smuggled Chips,Total Smuggled Chips,1,87356274000.0,87356274000.0,87356274000.0,87356274000.0,87356274000.0,87356274000.0
Smuggled Chips,f,Physical net benefit range spans both sides of PLV net benefit range,Scenario Total,Smuggled Chips,Total Smuggled Chips,1,1017102782500.0,1017102782500.0,1017102782500.0,1017102782500.0,1017102782500.0,1017102782500.0
