PLV Type,Relationship Code,Benefit Per Dollar Relationship Description,Benefit Per Dollar Scenario Count
PLV Renting,a,Physical max benefit per dollar is less than PLV Renting min benefit per dollar,4263
PLV Renting,b,Physical max benefit per dollar is within PLV Renting range and Physical min benefit per dollar is below PLV Renting min benefit per dollar,361
PLV Renting,c,Physical min and max benefit per dollar are both within PLV Renting range,632
PLV Renting,d,Physical min benefit per dollar is within PLV Renting range and Physical max benefit per dollar is above PLV Renting max benefit per dollar,78
PLV Renting,e,Physical min benefit per dollar is greater than PLV Renting max benefit per dollar,28
PLV Renting,f,Physical benefit per dollar range spans both sides of PLV Renting range,0
PLV Renting,Total,All scenarios,5362
PLV Owning,a,Physical max benefit per dollar is less than PLV Owning min benefit per dollar,4624
PLV Owning,b,Physical max benefit per dollar is within PLV Owning range and Physical min benefit per dollar is below PLV Owning min benefit per dollar,312
PLV Owning,c,Physical min and max benefit per dollar are both within PLV Owning range,314
PLV Owning,d,Physical min benefit per dollar is within PLV Owning range and Physical max benefit per dollar is above PLV Owning max benefit per dollar,57
PLV Owning,e,Physical min benefit per dollar is greater than PLV Owning max benefit per dollar,55
PLV Owning,f,Physical benefit per dollar range spans both sides of PLV Owning range,0
PLV Owning,Total,All scenarios,5362
