PLV Type,Relationship Code,Relationship Description,Scenario Count,Rule Component Index,Feature Group,Feature,Distinct Values,Observed Min,Observed Max,Rule Component
PLV Renting,a,Physical max value per cost is less than PLV Renting min value per cost,1224,1,Scenario Summary,Total Clusters in Mix,51,33375.0,156333.0,33375 <= Total Clusters in Mix <= 156333
PLV Renting,a,Physical max value per cost is less than PLV Renting min value per cost,1224,2,Scenario Summary,Total Tests,193,63600.0,1623000.0,63600 <= Total Tests <= 1623000
PLV Renting,a,Physical max value per cost is less than PLV Renting min value per cost,1224,3,Scenario Summary,Bad Records (K),348,159400.0,805000.0,159400 <= Bad Records (K) <= 805000
PLV Renting,a,Physical max value per cost is less than PLV Renting min value per cost,1224,4,Scenario Summary,Number of Clusters with Smuggling,51,8344.0,39084.0,8344 <= Number of Clusters with Smuggling <= 39084
PLV Renting,a,Physical max value per cost is less than PLV Renting min value per cost,1224,5,Scenario Summary,Share Diverted,348,0.05313333333333333,0.2683333333333333,0.0531333 <= Share Diverted <= 0.268333
PLV Renting,a,Physical max value per cost is less than PLV Renting min value per cost,1224,6,Combo Derived,K Combo,5,10.0,100000.0,10 <= K Combo <= 100000
PLV Renting,a,Physical max value per cost is less than PLV Renting min value per cost,1224,7,Combo Derived,Chips Inspected Per Cluster Combo,5,0.0,1000.0,0 <= Chips Inspected Per Cluster Combo <= 1000
PLV Renting,a,Physical max value per cost is less than PLV Renting min value per cost,1224,8,Component Summary,component_cluster_size,2,10.0,100000.0,10 <= component_cluster_size <= 100000
PLV Renting,a,Physical max value per cost is less than PLV Renting min value per cost,1224,9,Component Summary,component_cluster_count,8,3.0,150000.0,3 <= component_cluster_count <= 150000
PLV Renting,b,Physical max value per cost is within PLV Renting range and Physical min value per cost is below PLV Renting min value per cost,192,1,Scenario Summary,Total Clusters in Mix,8,12342.0,21333.0,12342 <= Total Clusters in Mix <= 21333
PLV Renting,b,Physical max value per cost is within PLV Renting range and Physical min value per cost is below PLV Renting min value per cost,192,2,Scenario Summary,Total Tests,64,15420.0,246000.0,15420 <= Total Tests <= 246000
PLV Renting,b,Physical max value per cost is within PLV Renting range and Physical min value per cost is below PLV Renting min value per cost,192,3,Scenario Summary,Bad Records (K),148,308600.0,805000.0,308600 <= Bad Records (K) <= 805000
PLV Renting,b,Physical max value per cost is within PLV Renting range and Physical min value per cost is below PLV Renting min value per cost,192,4,Scenario Summary,Number of Clusters with Smuggling,8,3086.0,5334.0,3086 <= Number of Clusters with Smuggling <= 5334
PLV Renting,b,Physical max value per cost is within PLV Renting range and Physical min value per cost is below PLV Renting min value per cost,192,5,Scenario Summary,Share Diverted,148,0.10286666666666666,0.2683333333333333,0.102867 <= Share Diverted <= 0.268333
PLV Renting,b,Physical max value per cost is within PLV Renting range and Physical min value per cost is below PLV Renting min value per cost,192,6,Combo Derived,K Combo,4,100.0,100000.0,100 <= K Combo <= 100000
PLV Renting,b,Physical max value per cost is within PLV Renting range and Physical min value per cost is below PLV Renting min value per cost,192,7,Combo Derived,Chips Inspected Per Cluster Combo,5,0.0,1000.0,0 <= Chips Inspected Per Cluster Combo <= 1000
PLV Renting,b,Physical max value per cost is within PLV Renting range and Physical min value per cost is below PLV Renting min value per cost,192,8,Component Summary,component_cluster_size,2,100.0,100000.0,100 <= component_cluster_size <= 100000
PLV Renting,b,Physical max value per cost is within PLV Renting range and Physical min value per cost is below PLV Renting min value per cost,192,9,Component Summary,component_cluster_count,6,3.0,21000.0,3 <= component_cluster_count <= 21000
PLV Renting,c,Physical min and max value per cost are both within PLV Renting range,432,1,Scenario Summary,Total Clusters in Mix,18,3351.0,7563.0,3351 <= Total Clusters in Mix <= 7563
PLV Renting,c,Physical min and max value per cost are both within PLV Renting range,432,2,Scenario Summary,Total Tests,119,6030.0,246000.0,6030 <= Total Tests <= 246000
PLV Renting,c,Physical min and max value per cost are both within PLV Renting range,432,3,Scenario Summary,Bad Records (K),292,83800.0,805000.0,83800 <= Bad Records (K) <= 805000
PLV Renting,c,Physical min and max value per cost are both within PLV Renting range,432,4,Scenario Summary,Number of Clusters with Smuggling,18,838.0,1891.0,838 <= Number of Clusters with Smuggling <= 1891
PLV Renting,c,Physical min and max value per cost are both within PLV Renting range,432,5,Scenario Summary,Share Diverted,292,0.027933333333333334,0.2683333333333333,0.0279333 <= Share Diverted <= 0.268333
PLV Renting,c,Physical min and max value per cost are both within PLV Renting range,432,6,Combo Derived,K Combo,4,100.0,100000.0,100 <= K Combo <= 100000
PLV Renting,c,Physical min and max value per cost are both within PLV Renting range,432,7,Combo Derived,Chips Inspected Per Cluster Combo,5,0.0,1000.0,0 <= Chips Inspected Per Cluster Combo <= 1000
PLV Renting,c,Physical min and max value per cost are both within PLV Renting range,432,8,Component Summary,component_cluster_size,2,100.0,100000.0,100 <= component_cluster_size <= 100000
PLV Renting,c,Physical min and max value per cost are both within PLV Renting range,432,9,Component Summary,component_cluster_count,7,3.0,6000.0,3 <= component_cluster_count <= 6000
PLV Owning,a,Physical max value per cost is less than PLV Owning min value per cost,1416,1,Scenario Summary,Total Clusters in Mix,59,12342.0,156333.0,12342 <= Total Clusters in Mix <= 156333
PLV Owning,a,Physical max value per cost is less than PLV Owning min value per cost,1416,2,Scenario Summary,Total Tests,219,15420.0,1623000.0,15420 <= Total Tests <= 1623000
PLV Owning,a,Physical max value per cost is less than PLV Owning min value per cost,1416,3,Scenario Summary,Bad Records (K),348,159400.0,805000.0,159400 <= Bad Records (K) <= 805000
PLV Owning,a,Physical max value per cost is less than PLV Owning min value per cost,1416,4,Scenario Summary,Number of Clusters with Smuggling,59,3086.0,39084.0,3086 <= Number of Clusters with Smuggling <= 39084
PLV Owning,a,Physical max value per cost is less than PLV Owning min value per cost,1416,5,Scenario Summary,Share Diverted,348,0.05313333333333333,0.2683333333333333,0.0531333 <= Share Diverted <= 0.268333
PLV Owning,a,Physical max value per cost is less than PLV Owning min value per cost,1416,6,Combo Derived,K Combo,5,10.0,100000.0,10 <= K Combo <= 100000
PLV Owning,a,Physical max value per cost is less than PLV Owning min value per cost,1416,7,Combo Derived,Chips Inspected Per Cluster Combo,5,0.0,1000.0,0 <= Chips Inspected Per Cluster Combo <= 1000
PLV Owning,a,Physical max value per cost is less than PLV Owning min value per cost,1416,8,Component Summary,component_cluster_size,3,10.0,100000.0,10 <= component_cluster_size <= 100000
PLV Owning,a,Physical max value per cost is less than PLV Owning min value per cost,1416,9,Component Summary,component_cluster_count,11,3.0,150000.0,3 <= component_cluster_count <= 150000
PLV Owning,b,Physical max value per cost is within PLV Owning range and Physical min value per cost is below PLV Owning min value per cost,279,1,Scenario Summary,Total Clusters in Mix,13,4242.0,7563.0,4242 <= Total Clusters in Mix <= 7563
PLV Owning,b,Physical max value per cost is within PLV Owning range and Physical min value per cost is below PLV Owning min value per cost,279,2,Scenario Summary,Total Tests,92,9150.0,246000.0,9150 <= Total Tests <= 246000
PLV Owning,b,Physical max value per cost is within PLV Owning range and Physical min value per cost is below PLV Owning min value per cost,279,3,Scenario Summary,Bad Records (K),219,106100.0,805000.0,106100 <= Bad Records (K) <= 805000
PLV Owning,b,Physical max value per cost is within PLV Owning range and Physical min value per cost is below PLV Owning min value per cost,279,4,Scenario Summary,Number of Clusters with Smuggling,13,1061.0,1891.0,1061 <= Number of Clusters with Smuggling <= 1891
PLV Owning,b,Physical max value per cost is within PLV Owning range and Physical min value per cost is below PLV Owning min value per cost,279,5,Scenario Summary,Share Diverted,219,0.035366666666666664,0.2683333333333333,0.0353667 <= Share Diverted <= 0.268333
PLV Owning,b,Physical max value per cost is within PLV Owning range and Physical min value per cost is below PLV Owning min value per cost,279,6,Combo Derived,K Combo,4,100.0,100000.0,100 <= K Combo <= 100000
PLV Owning,b,Physical max value per cost is within PLV Owning range and Physical min value per cost is below PLV Owning min value per cost,279,7,Combo Derived,Chips Inspected Per Cluster Combo,5,0.0,1000.0,0 <= Chips Inspected Per Cluster Combo <= 1000
PLV Owning,b,Physical max value per cost is within PLV Owning range and Physical min value per cost is below PLV Owning min value per cost,279,8,Component Summary,component_cluster_size,2,100.0,100000.0,100 <= component_cluster_size <= 100000
PLV Owning,b,Physical max value per cost is within PLV Owning range and Physical min value per cost is below PLV Owning min value per cost,279,9,Component Summary,component_cluster_count,6,3.0,6000.0,3 <= component_cluster_count <= 6000
PLV Owning,c,Physical min and max value per cost are both within PLV Owning range,153,1,Scenario Summary,Total Clusters in Mix,8,3351.0,4566.0,3351 <= Total Clusters in Mix <= 4566
PLV Owning,c,Physical min and max value per cost are both within PLV Owning range,153,2,Scenario Summary,Total Tests,56,6030.0,111000.0,6030 <= Total Tests <= 111000
PLV Owning,c,Physical min and max value per cost are both within PLV Owning range,153,3,Scenario Summary,Bad Records (K),128,83800.0,805000.0,83800 <= Bad Records (K) <= 805000
PLV Owning,c,Physical min and max value per cost are both within PLV Owning range,153,4,Scenario Summary,Number of Clusters with Smuggling,8,838.0,1142.0,838 <= Number of Clusters with Smuggling <= 1142
PLV Owning,c,Physical min and max value per cost are both within PLV Owning range,153,5,Scenario Summary,Share Diverted,128,0.027933333333333334,0.2683333333333333,0.0279333 <= Share Diverted <= 0.268333
PLV Owning,c,Physical min and max value per cost are both within PLV Owning range,153,6,Combo Derived,K Combo,4,100.0,100000.0,100 <= K Combo <= 100000
PLV Owning,c,Physical min and max value per cost are both within PLV Owning range,153,7,Combo Derived,Chips Inspected Per Cluster Combo,5,0.0,1000.0,0 <= Chips Inspected Per Cluster Combo <= 1000
PLV Owning,c,Physical min and max value per cost are both within PLV Owning range,153,8,Component Summary,component_cluster_size,2,100.0,100000.0,100 <= component_cluster_size <= 100000
PLV Owning,c,Physical min and max value per cost are both within PLV Owning range,153,9,Component Summary,component_cluster_count,6,3.0,3000.0,3 <= component_cluster_count <= 3000
