Metric Family,PLV Type,Relationship Code,Relationship Description,Scenario Group,Scenario Variant,Scenario Type,Scenario Count,Min,Q1,Median,Q3,Max,Mean
Smuggled Chips,PLV Renting,a,Physical max value per cost is less than PLV Renting min value per cost,Scenario Total,Smuggled Chips,Total Smuggled Chips,5491475,10000.0,134830.0,247100.0,422300.0,755500.0,283188.73796202295
Smuggled Chips,PLV Renting,b,Physical max value per cost is within PLV Renting range and Physical min value per cost is below PLV Renting min value per cost,Scenario Total,Smuggled Chips,Total Smuggled Chips,449066,10000.0,129000.0,311800.0,435700.0,755500.0,295830.247892292
Smuggled Chips,PLV Renting,c,Physical min and max value per cost are both within PLV Renting range,Scenario Total,Smuggled Chips,Total Smuggled Chips,464459,10000.0,126100.0,231000.0,375700.0,755500.0,267188.4258890451
Smuggled Chips,PLV Owning,a,Physical max value per cost is less than PLV Owning min value per cost,Scenario Total,Smuggled Chips,Total Smuggled Chips,5886682,10000.0,134200.0,251000.0,424600.0,755500.0,284494.2845222487
Smuggled Chips,PLV Owning,b,Physical max value per cost is within PLV Owning range and Physical min value per cost is below PLV Owning min value per cost,Scenario Total,Smuggled Chips,Total Smuggled Chips,514221,10000.0,125300.0,228300.0,365800.0,755500.0,264786.37142395973
Smuggled Chips,PLV Owning,c,Physical min and max value per cost are both within PLV Owning range,Scenario Total,Smuggled Chips,Total Smuggled Chips,4097,10700.0,147300.0,307000.0,415300.0,722300.0,288785.3307298023
Value Per Cost,PLV Renting,a,Physical max value per cost is less than PLV Renting min value per cost,PLV Renting,PLV Renting (Conservative),PLV Renting - Min Value Per Cost,5491475,6.903483774051737e-05,0.0009307967171768134,0.0017058508405681844,0.002915341197641839,0.005215581991296087,0.001954988857463727
Value Per Cost,PLV Renting,a,Physical max value per cost is less than PLV Renting min value per cost,PLV Renting,PLV Renting (Optimistic),PLV Renting - Max Value Per Cost,5491475,0.0022205563115316154,0.02993976074585311,0.05486994645794622,0.09377409303147018,0.16776302933621354,0.06288365394197463
Value Per Cost,PLV Renting,a,Physical max value per cost is less than PLV Renting min value per cost,Physical Inspection,Physical (Conservative),Physical - Min Value Per Cost,5491475,0.0,9.414672148405913e-05,0.0001953080899005246,0.0003716247911389848,0.0021041489455878035,0.0002620832854798087
Value Per Cost,PLV Renting,a,Physical max value per cost is less than PLV Renting min value per cost,Physical Inspection,Physical (Optimistic),Physical - Max Value Per Cost,5491475,0.0,0.00022474384324775468,0.00047107303995993556,0.0008958713905203949,0.005198281776543115,0.0006387723080311886
Value Per Cost,PLV Renting,b,Physical max value per cost is within PLV Renting range and Physical min value per cost is below PLV Renting min value per cost,PLV Renting,PLV Renting (Conservative),PLV Renting - Min Value Per Cost,449066,6.903483774051737e-05,0.0008905494068526741,0.0021525062407493317,0.003007847880354342,0.005215581991296087,0.0020422593161981417
Value Per Cost,PLV Renting,b,Physical max value per cost is within PLV Renting range and Physical min value per cost is below PLV Renting min value per cost,PLV Renting,PLV Renting (Optimistic),PLV Renting - Max Value Per Cost,449066,0.0022205563115316154,0.02864517641875784,0.06923694579355577,0.09674963849343249,0.16776302933621354,0.06569077240991913
Value Per Cost,PLV Renting,b,Physical max value per cost is within PLV Renting range and Physical min value per cost is below PLV Renting min value per cost,Physical Inspection,Physical (Conservative),Physical - Min Value Per Cost,449066,2.1295988120961595e-05,0.0006217481308185588,0.0012280448477484628,0.0018776386665134118,0.005194664557770766,0.0013428236839215285
Value Per Cost,PLV Renting,b,Physical max value per cost is within PLV Renting range and Physical min value per cost is below PLV Renting min value per cost,Physical Inspection,Physical (Optimistic),Physical - Max Value Per Cost,449066,6.919502545657858e-05,0.0017633104581477306,0.003627948057613988,0.005371364552270874,0.018177077907011275,0.0038551816708178904
Value Per Cost,PLV Renting,c,Physical min and max value per cost are both within PLV Renting range,PLV Renting,PLV Renting (Conservative),PLV Renting - Min Value Per Cost,464459,6.903483774051737e-05,0.0008705293039079241,0.0015947047518059514,0.002593638853911238,0.005215581991296087,0.0018445309627394479
Value Per Cost,PLV Renting,c,Physical min and max value per cost are both within PLV Renting range,PLV Renting,PLV Renting (Optimistic),PLV Renting - Max Value Per Cost,464459,0.0022205563115316154,0.02800121508841367,0.05129485079638032,0.08342630062424279,0.16776302933621354,0.05933069454761163
Value Per Cost,PLV Renting,c,Physical min and max value per cost are both within PLV Renting range,Physical Inspection,Physical (Conservative),Physical - Min Value Per Cost,464459,6.90904148756236e-05,0.0014941442974252825,0.002188179494651348,0.003995037582529245,0.013315562054097752,0.002873199838695133
Value Per Cost,PLV Renting,c,Physical min and max value per cost are both within PLV Renting range,Physical Inspection,Physical (Optimistic),Physical - Max Value Per Cost,464459,0.00017639998411013146,0.003809287826940138,0.006122683094019258,0.010573855577411827,0.03141090463370056,0.0073856168336847985
Value Per Cost,PLV Owning,a,Physical max value per cost is less than PLV Owning min value per cost,PLV Owning,PLV Owning (Conservative),PLV Owning - Min Value Per Cost,5886682,0.00017412008588717004,0.002336691552426304,0.004370414155767968,0.0073931388466027806,0.013154772488775697,0.004953616925421624
Value Per Cost,PLV Owning,a,Physical max value per cost is less than PLV Owning min value per cost,PLV Owning,PLV Owning (Optimistic),PLV Owning - Max Value Per Cost,5886682,0.001650785014305703,0.022153534890280574,0.04143470385907314,0.07009233170584199,0.12471680783079586,0.04696389015335107
Value Per Cost,PLV Owning,a,Physical max value per cost is less than PLV Owning min value per cost,Physical Inspection,Physical (Conservative),Physical - Min Value Per Cost,5886682,0.0,0.00010005099566067185,0.00020815810684907238,0.0004221198224892654,0.005590611810674356,0.000333914525329715
Value Per Cost,PLV Owning,a,Physical max value per cost is less than PLV Owning min value per cost,Physical Inspection,Physical (Optimistic),Physical - Max Value Per Cost,5886682,0.0,0.0002397423230065127,0.0005054409190479969,0.001043454735165339,0.013132065869351216,0.0008433744654978175
Value Per Cost,PLV Owning,b,Physical max value per cost is within PLV Owning range and Physical min value per cost is below PLV Owning min value per cost,PLV Owning,PLV Owning (Conservative),PLV Owning - Min Value Per Cost,514221,0.00017412008588717004,0.0021817246761662405,0.003975161560804092,0.00636931274175268,0.013154772488775697,0.004610462573409197
Value Per Cost,PLV Owning,b,Physical max value per cost is within PLV Owning range and Physical min value per cost is below PLV Owning min value per cost,PLV Owning,PLV Owning (Optimistic),PLV Owning - Max Value Per Cost,514221,0.001650785014305703,0.020684336229250457,0.037687421876599195,0.06038571582330261,0.12471680783079586,0.043710537393905666
Value Per Cost,PLV Owning,b,Physical max value per cost is within PLV Owning range and Physical min value per cost is below PLV Owning min value per cost,Physical Inspection,Physical (Conservative),Physical - Min Value Per Cost,514221,4.754835001519645e-05,0.0013209376642700826,0.0020397605034978197,0.003718064352361936,0.01270525011946678,0.0027028990432461683
Value Per Cost,PLV Owning,b,Physical max value per cost is within PLV Owning range and Physical min value per cost is below PLV Owning min value per cost,Physical Inspection,Physical (Optimistic),Physical - Max Value Per Cost,514221,0.00017425859204527226,0.0036030883997154642,0.005835481246625694,0.010030474689385475,0.030578592868238524,0.007106839116268395
Value Per Cost,PLV Owning,c,Physical min and max value per cost are both within PLV Owning range,PLV Owning,PLV Owning (Conservative),PLV Owning - Min Value Per Cost,4097,0.00018630849189927196,0.0025647888651180147,0.00534548663673612,0.007231207166894172,0.012576693803630292,0.005028332658962798
Value Per Cost,PLV Owning,c,Physical min and max value per cost are both within PLV Owning range,PLV Owning,PLV Owning (Optimistic),PLV Owning - Max Value Per Cost,4097,0.001766339965307102,0.024316063260723005,0.05067909993918508,0.06855710164411584,0.11923620158330092,0.04767224963200739
Value Per Cost,PLV Owning,c,Physical min and max value per cost are both within PLV Owning range,Physical Inspection,Physical (Conservative),Physical - Min Value Per Cost,4097,0.00018652796884122898,0.0025675775981877148,0.005442339557390558,0.007338038724772201,0.013315562054097752,0.005171520561526848
Value Per Cost,PLV Owning,c,Physical min and max value per cost are both within PLV Owning range,Physical Inspection,Physical (Optimistic),Physical - Max Value Per Cost,4097,0.0004556076024765077,0.006158724569914582,0.01282018892171582,0.01735372425656692,0.03141090463370056,0.012249494478205716
